Name,Website
Landsea Homes,https://landseahomes.com/
Eagle Point Income Company Inc,http://eaglepointincome.com/
Seven Hills,https://sevnreit.com/
Service Properties Trust,https://www.svcreit.com/home/default.aspx
Vesse,https://www.vesseltechnologies.com/
Harbor Custom Development,https://harborcustomhomes.com/
Landmark Management`,https://www.landmark-mgmt.com/
Realty Income Corporation,http://www.realtyincome.com/
Taylor/theus Holdings,https://www.taylortheusholdings.com/
Landmark Management,https://www.landmark-mgmt.com/
Picket Homes,https://pickethomes.com/
Tishman Speyer,http://www.tishmanspeyer.com/
Eastern Union,https://easternunion.com/
Ventas,http://ventasreit.com/
Bridge Industrial,https://bridgeindustrial.com/
The Hanover Company,http://hanoverco.com/
Recnation Storage,https://www.recnationstorage.com/
Physicians Realty Trust,http://www.docreit.com/
Avenue One,https://www.avenue.one/
Rexford Industrial Realty,http://rexfordindustrial.com/
Boston Properties,https://www.bxp.com/
Healthpeak Properties,https://www.healthpeak.com/
W. P. Carey,http://wpcarey.com/
Quinn Residences,https://live-quinn.com/
Fathom Realty,http://www.fathomrealty.com/
Vero Leasing,https://sayvero.com/
Simon Property Group,http://simon.com/
Nestment,http://www.nestment.com/
Dreamscape Companies,https://dreamscapecos.com/
Lincoln Property Company Dallas,https://www.lpcdallas.com/
Digs,https://digs.com/
Sparen Homes,http://www.sparen.homes/
Doorstead,https://www.doorstead.com/
Closesimple,https://www.closesimple.com/
Setpoint.io,https://www.setpoint.io/
Incitu,https://www.incitu.us/
Rezi,https://www.rentrezi.com/
Runwise,https://www.runwise.com/
Pinnacle Realty Advisors,https://pinnaclera.com/
First Industrial Realty Trust,http://firstindustrial.com/
Kimco Realty,http://kimcorealty.com/
Netstreit Corp,https://www.netstreit.com/
Fello,https://hifello.com/
Kb Home,http://www.kbhome.com/
Kb Home,http://www.kbhome.com/
Madison Realty Capital,http://madisonrealtycapital.com/
Waterton,https://www.waterton.com/
Parcl,https://www.parcl.co/
Safehold,https://www.safeholdinc.com/
Rentberry,https://www.rentberry.com/
Cousins Properties,http://cousinsproperties.com/
Morningstar Properties,https://mstarproperties.com/
Leasecake,http://www.leasecake.com/
Ashford,https://www.ashfordinc.com/
Ashford Inc.,https://www.ashfordinc.com/
Home365,https://www.home365.co/
American Homes 4 Rent,https://www.americanhomes4rent.com/
Flock Homes,http://flockhomes.com/
Extraslice,http://www.extraslice.com/
Getty Realty,http://www.gettyrealty.com/
Innovative Industrial Properties,http://innovativeindustrialproperties.com/
Leasemagnets,http://leasemagnets.com
Blueprint Title,https://blueprinttitle.com
Aalto,https://aalto.com
The Corcoran Group,https://www.corcoran.com
Premier Realty Network,http://www.premierrealtornetwork.com
Royal Property Management Inc,http://www.royalpropertymgmt.com
Wynd Realty,http://www.wyndrealty.com
Homesmart Professionals Real Estate,http://www.therhodehome.com
Freeman Webb Company,http://www.freemanwebb.com
Dottid,https://dottid.com
Sign Guys Of Eastern Mass,http://www.signguysofeastma.com
Digsup,http://www.digsup.com
Urban Spaces Llc.,http://www.urbanspacesllc.com
Kaul Estates,http://www.kaulestates.com
Langley Llc,http://www.langleymgmt.com
Limitless Investing,https://www.investlimitless.com
Herggroup Boston,http://www.boston.herggroup.com
Brick Lane Property Solutions Llc,http://www.bricklanepropertysolutions.com
Haywood Kristiansen Group | Berkshire Hathaway Homeservices,http://www.haywoodkristiansengroup.com
Loccanna,http://www.loccanna.com
Mpower Multifamily Llc,http://www.mpowermultifamily.com
Imperial Properties,http://imperialpropertiesnh.com
Msquared,http://www.buildmsquared.com
Acorn Holdings,http://www.acornh.com
The Team - Real Estate Advisors,http://www.theteam-re.com
"New England Investment Properties, Inc.",http://www.neip.com
Vibe Residential,http://vibe-re.com
Rent Beetle,http://rentbeetle.io
New Wave Development,http://nwdboston.com
Derson Real Estate Group Inc,https://www.dersonrealestategroup.com
Ysm Media,https://closings.yashsampatmarketing.com
Bequall,http://www.bequall.com
Nickerson Real Estate Partners,http://www.nickersonre.com
Larch Development,http://www.larchdevelopment.com
Abadabode,http://www.abadabode.com
Rethink39 Group At Laer Realty Partners,https://rethink39.com
Fastclose,http://www.1fastclose.com
Nai Advisors,http://www.naiadvisors.com
South End Hospitality,http://wwww.southendhospitality.com
Manzo Freeman Development,http://www.manzofreeman.com
Tikade Property Group,http://www.tikade.com
Boston Realty & Leasing,https://www.bostonrl.com
Winchester Realty,https://mywinchesterrealty.com
Prince Valley Properties,http://www.princevalleyproperties.com
Gansett Ventures,http://www.gansettventures.com
"Garzone Real Estate, Inc",http://www.garzonere.com
Rentvue,http://www.rentvue.com
Spotlight Homes Greater Boston,http://www.spotlighthomesgreaterboston.com
The Elle Group,http://www.theellegroup.com
Sweeney Enterprises Llc,http://www.sweeneyenterprises-llc.com
Momentum Holdings International,https://www.momentumholdingsinternational.com
"Foran Realty, Inc.",http://www.capecodproperties.com
Ez Home Search Real Estate Inc.,http://www.ezhomesearch.net
Ascari Equities,http://www.ascariequities.com
Okc Metro Group,http://www.okcmetrogroup.com
Metro Boston Property Inspections,http://www.metrobostonpropertyinspections.com
Ask Her About Real Estate,http://www.askheraboutrealestate.com
Oakgrove Residential,http://www.oakgroveres.com
Orb Management,http://www.orbmgmts.com
Cjl Rentals & Property Management,https://www.cjlrentals.com
Phipps Realty,http://www.phippsrealty.com
Oribar,http://www.oribar.com
Profile Realty Inc.,http://profilerealty.com
Boston Heritage Realty,http://www.bostonheritagerealty.com
The Auffant Group,http://auffanthomes.com
Boston Real Estate Concierge,https://www.breconcierge.com
Alchemy Development,http://www.alchemydevelopment.com
Reed Community Partners,http://www.reedcommunity.com
Doughty Properties,
Mattershot,http://www.mattershot.com
Cdcm Group,http://www.cdcmgrp.com
"Ocean State Buyers, Llc",http://www.oceanstatebuyer.com
Muirfield Investment Partners Llc,http://www.muirfieldip.com
Housingtohome,http://housingtohome.com
"Kp Strategies, Llc",http://www.kristinphelan.com
Argand Realty Capital Llc,http://www.argandrealtycapital.com
Northeast Association Of Realtors®,http://www.northeastrealtors.com
"Zenith Mortgage Advisors, Inc.",http://www.zenithadvisors.com
Oda Studio,https://studio.odaportal.com
Independent Consulting And Properties Llc,
Prime Property Group,http://www.primepg.com
Navem Partners,http://www.navempartners.com
Waldorf Capital Management Llc,http://www.waldorfcm.com
Lyon Property Management,http://www.lyonpropertygroup.com
America One Realty,http://www.americaone.com
"Pax Memoriam, Inc",http://www.bendrix.com
Coles Capital Group,http://www.colescapitalgroup.com
Aryeo,http://www.aryeo.com
Nuhom,http://www.nuhom.co
Madelon Group,http://madelongroup.com
Fall Creek Partners Llc,http://www.fallcreekpartners.com
Out Of The Box Moves,http://www.outoftheboxmoves.com
Harvard Real Estate Symposium,http://www.harvardres.com
"77 Main Street Properties, Llc",http://77mainstreetandover.com
"Nicholson Development, Inc.",http://www.nicholsondevelopment.com
Tower Hunt,https://towerhunt.com
Leasetome,https://leasetome.com
"Saint James Real Estate Advisors, Llc",http://www.saintjamesrea.com
Rise &#39;73,http://rise73.com
Wronka Ltd. Commercial Real Estate Advisors,http://www.wronkaltd.com
The Cre Coach,http://www.thecrecoach.com
The Kenwood Organization Inc,https://kenwood-centre-inc.constantcontactsites.com
Fitzwilliam Companies,http://www.fitzwilliamcos.com
Tuscan Village Salem,https://www.tuscanvillagesalem.com
Edgewood Group,http://edgewoodgroup.com
Privacy Realty,http://www.townsquarenh.com
Millyard Industrial Properties,http://millyardindustrialproperties.com
Vonsol Partners,http://www.vonsolpartners.com
A1 Property Management Inc.,http://a1propertyman.com
Aponte Development - Invest X Build,http://www.apontedevelopment.com
The Workroom,http://www.theworkroomboston.com
Newhomehelpers.com,http://www.newhomehelpers.com
Luxury Listing Boston,
"Premier Real Estate Solutions, Llc",http://www.premierrealestatesolutionsllc.com
"Legendary Agent, Llc",http://legendaryagent.com
Fields Corner Business Lab,http://www.fieldscornerbusinesslab.com
Dwellful,http://dwellful.com
Pacaso,http://www.pacaso.com
Century 21 Real Estate Unlimited,http://www.century21cabot.com
Actovia,http://www.actoviacmi.com
Coldwell Banker Realty,http://www.althearothmeyer.com
Mcmonigle Group,http://www.themcmonigleteam.com
Chime Technologies Inc,http://chime.me
Connexions Software,http://www.getcnx.com
Usa-mortgages,http://www.usa-mortgages.com
Peerstreet,http://www.peerstreet.com
"Accruit, Llc",http://www.accruit.com
Darwin Homes,https://www.darwinhomes.com
Red Bell Real Estate,http://www.redbellre.com
American Land Title Association,http://www.alta.org
America Place,http://www.americaplace.com
Hall Group,http://www.hallgroup.com
American Realty Capital,http://www.americanrealtycap.com
Obsidian Financial Services,https://www.obsidianfinancialservices.com
Rainmaker Analytics,https://invizenit.com
Kc-investments,http://www.kc-investments.com
Aslan Home Lending Corporation,http://aslanhlc.com
Usrem,http://www.usrem.co
City+ventures,http://www.city-ventures.com
Stoneriver Company,http://www.stonerivercompany.com
All Students Housing Initiative,http://www.ashihousing.com
Go Amenity,http://www.goamenity.com
Corporate Title Agency,http://www.corpsetsolutions.com
Sundae,https://sundae.com
Zonda,https://zondahome.com
Lument,https://www.lument.com
Envoy Technologies,https://www.envoythere.com
Atmos,https://www.buildatmos.com
Re/max Town Center,http://www.myremaxtowncenter.com
Cugini Property Group,http://www.cuginiproperties.com
"Meridian Title Company, Inc.",http://www.meridiantitle.net
Ugather Cowork,http://www.ugathercowork.com
Blue Star Realty,http://www.bluestar-realtygroup.com
Namar,http://www.namar.org
76107 Collective,https://76107collective.com
"Real Property Capital, Inc.",http://www.realpropertycapital.net
"Zenith Investments, Inc.",http://www.zenithbuyshouses.com
The Tax Relief Group,http://www.thetaxreliefgroup.com
Stagecoach Equity And Management,http://www.stagecoachmanagement.com
Ecoinstead,http://www.ecoinstead.com
Rentzoot,http://www.rentzoot.com
Frontera Capital Partners,http://www.fronteraventures.com
"Karen Cannon, Realtors",http://www.karencannon.com
Prosper Economic Development Corporation,http://www.prosperedc.com
Red Bank Catholic High School,http://www.new.redbankcatholic.org
The District Phx,http://www.thedistrictphx.com
Quantus Realty Solutions,http://quantusrealty.com
"Canton Place Development, Llc",http://www.cantonplacedevelopment.com
Brotherly Love Real Estate,https://brotherlyloveproperties.com
The Lux Group Inc.,http://www.theluxgroup.com
Corporate Suite Shoppe Inc,https://www.corporatesuiteshoppe.com
Blue Ocean Property Group,http://www.blueoceannyc.com
Oxwork Business Club,http://www.oxwork.co
Hometown Group Llc,http://www.hometown-investments.com
Idealestate,https://www.idealestate.co
Alpen Bike Capsule,http://www.alpenstorage.com
Pj Morgan Real Estate,http://www.pjmorgan.com
Timeshare Specialists,http://www.timesharespecialists.com
Cost Recovery Solutions Llc,http://www.crscostseg.com
Groove Realty,http://grooverealty.com
The King Group,http://www.thekinggroup.com
Baroque Villas,http://www.baroquevillas.com
Northcrown Property,http://www.northcrownproperty.com
Gold Medallion Homes,http://goldmedallionhomes.com
Grand Duke Estates,http://grandduke.us
Florida Real Estate Sales Inc.,http://floridarealestatesalesinc.com
Cascadia Development Partners,http://cascadiadevelopmentpartners.com
Brett Davis Real Estate- Brokered By Exp Realty,http://www.brettdavisrealestate.com
Mayben Realty,http://www.maybenrealty.com
Venture Brokerage Group,http://www.venturebrokeragegroup.com
The Sunrise Homes,https://www.thesunrisehomes.com
Stillwater Home Team Re/max Signature,http://www.stillwaterhometeam.com
Dvora Life,http://dvoralife.com
432 Park Avenue Luxury Apartments,http://432parkavenue.com
Brooklyn Hourly Offices,http://www.brooklynhourlyoffices.com
"Crowne Atlantic Properties, Llc",http://crowneatlantic.com
Big Bulldog Properties Llc,https://fixtosalequick.com
Exitcalifornia.org,https://exitcalifornia.org
Millennial Block,http://www.millennialblock.com
"Harford County Association Of Realtors, Inc.",http://harfordrealtors.com
Merati Homes,https://www.meratihomes.com
"Brokers International Group, Inc.",http://www.brokersinternationalgroup.com
Sierra Point Properties,http://sierrapointproperties.com
Duguet Estates Llc,http://www.duguetestates.com
Tactical Development Group,http://tacticaldevgrp.com
Backyard Estates,http://backyardestates.com
The Hip Fox Llc,https://www.thehipfox.com
Empire Business Management,http://www.empirebusinessmanagement.com
Rodrock Development,http://www.rodrock.com
"Jacobs And Reid, Llc",http://jacobsandreid.com
Hoo Controls Inc.,https://hoocontrols.com
Quance,https://www.quance.io
Ken Realty Pvt. Ltd.,http://www.kenrealty.in
Bayview Real Estate Inc.,http://www.bayviewnetwork.com
Profit Realty Corp,http://profitrealty.com
Gs Properties,http://www.gsproperties.com
Jds Properties,http://jdsproperties.com
"Velocity Reos, Inc",http://velocityreos.com
"Orchestrate Mortgage And Title Solutions, Llc",https://www.orchestrate.com
Wework China,https://www.wework.com
The Altman Companies,http://www.altmancos.com
Peg Companies,https://www.pegcompanies.com
Svn | Bell Commercial,https://www.bellcorporate.com
Hoamco (homeowners Association Management Company),http://www.hoamco.com
New Residential Investment Corp,https://www.newresi.com
Lgi Homes,http://www.lgihomes.com
"Gotspot, Inc.",http://www.gotspotinc.com
"Gotspot, Inc.",https://www.gotspotinc.com
Rentivity,http://rentivity.com
Rentivity,https://rentivity.com
Agentzip,https://agentzip.com
Havoya,http://www.havoya.com
California Lomita Properties,http://calipropertygroup.com
Office Evolution Flowood (jackson),https://www.officeevolution.com
"Buy Land America, Llc",https://buylandamerica.com
Sugarhouse Investments,https://www.sugarhouseinvestments.com
Rnc Property Solutions,http://www.rncpropertysolutions.com
"Malbec Properties, Llc",http://www.theblockonmain.com
Hoco Investments,
"Longbow Interests, Llc",http://www.longbowinterests.com
Natural Springs Group,http://www.nsprings.com
Homes Of Tennessee,http://homesoftennessee.com
Oak Realty Llc,http://www.oakrealtyllc.com
Hearthstone Heritage,http://www.hearthstoneheritage.com
Pivot Properties,http://www.pivotproperties.us
The Sb Investment Group,http://www.thesbinvestmentgroup.com
Qsl,http://qslmanagement.com
"America Development & Investments, Ltd.",http://www.americadevelopment.com
Integrity Partners Realty,http://integritypartnersrealty.com
The Village Shopping Center & The Village Executive Office Suites,http://www.thevillagemandeville.com
Essential Decisions Inc,http://essentialdecisionsinc.com
Breakthrough Properties,http://www.btprop.com
Colby Interests,http://www.colbyinterests.com
Alter+care,http://www.altercare.net
Sunset Group Realty,http://www.sunsetgrouprealty.com
"Cava Enterprises, Llc",http://www.cavaenterprises.com
"Viking Capital Investments, Llc",http://vikingcapllc.com
"Practice Endeavors, Llc",http://www.practicendeavors.com
Kodiak Property Management (w/ Realtypath South Valley),http://www.rentkodiak.com
"Troyer Advisors, Llc",http://www.troyeradvisors.com
Amp Realty,http://www.ampky.com
Otherstreet,http://www.otherstreetadvisors.com
"Your Partner For Senior Living Design, Build And Finance.",http://www.conficare.com
Sumner Realtors®,http://www.sumnerrealtors.com
Signature Auction House,http://www.signatureauctionhouse.com
"Retirement Property Services, Inc.",http://www.retirementproperty.com
Sterling Investment Solutions Llc,https://sterlinginvestmentsolutions.com
The Niki Group,http://www.thenikigroup.com
Crown Realty Grp,https://crownrealtygrp.com
The Dover Companies,http://dovercompanies.com
Phoenix Properties Llc,http://phoenix-prop.com
Marketspace Capital,http://www.marketspacecapital.com
Richmond Redevelopment And Housing Authority,https://www.rrha.com
Rhino,https://www.sayrhino.com
Neighborcity,http://www.neighborcity.com
Propertyboss Solutions,http://www.propertyboss.com
Gulf Coast International Properties Inc.,http://www.gcipnaples.com
Roofstock,http://www.roofstock.com
Certain Lending,http://certainlending.com
Pivotdesk,https://www.pivotdesk.com
Realtracs,https://www.realtracs.com
Preclose,http://www.preclose.com
Vinesta.com,https://vinesta.com
Utahrealestate.com,http://www.utahrealestate.com
Realinsight Marketplace,https://www.rimarketplace.com
Mashvisor,http://www.mashvisor.com
Blueprint Title Company,http://blueprinttitle.com
Mtn Retail Advisors,http://mtnra.com
United Ams,http://www.unitedams.com
Condo.com,http://www.condo.com
Parrot Property Group,http://www.parrotpropertymanagement.com
"Exceleras, Llc",http://www.exceleras.com
Spacequant | Technology For Cre Asset Management And Valuation,https://www.spacequant.com
Thirty Capital,
Abi Multifamily,http://www.abimultifamily.com
Menlo Group Commercial Real Estate,http://www.menlocre.com
"Mls Technology, Inc",http://mlstechnology.com
Bridge Mls,http://www.bridgemls.com
A Real Blockchain Solution (arbs),https://arealblockchainsolution.com
Ility,https://ility.com
Floorhub.io,https://hi.floorhub.io
Reix Corp,http://www.reixcorp.com
Remarkably,https://www.remarkably.io
Mansion Group Inc.,https://www.mansion.io
Collaborative Real Estate,http://www.gfsgo.com
Realcrowd,https://www.realcrowd.com
Inspect Hoa,http://www.inspecthoa.com
Elite Pacific Properties,http://www.elitepacific.com
Help-u-sell Real Estate,http://www.helpusell.com
Voicepad,http://www.voicepad.com
New York Residence Inc.,http://www.nyr.com
General Realty Group,http://www.generalrealty.com
Endvest,http://www.endvest.com
Revivrr,http://www.revivrr.com
Century 21 Veterans,http://www.c21veterans.com
Realquantum,https://realquantum.com
Choice Home Mortgage,https://choicehm.com
"Marketproof, Inc.",https://www.marketproof.com
Price Mortgage - Nmls #1429043,https://pricemortgage.com
Greater El Paso Association Of Realtors®,http://elpasorealtor.com
Harcourts Auctions,http://www.harcourtsauctions.com
Dominion Properties Milwaukee,http://www.dominion-properties.com
Bluespruce Holdings,https://realbluespruce.com
Masters Of Urban Infill,http://www.urbaninfill.com
Property I.d. Corporation Natural Hazard Disclosure Reports,http://www.propertyid.com
Rocket Homes,https://www.rockethomes.com
Harcourts Prime Properties,http://www.harcourtsprime.com
Foyer Inc.,https://foyerapp.io
Coldwell Banker Faith Properties,http://www.centralnewyork.com
Bright Mls,http://www.brightmls.com
Keller Williams North Shore West,https://libertyville.kw.com
Har.com,http://www.har.com
Kingsley Management Corporation,https://www.kmcmh.com
Cbre Loan Services,http://www.cbre.com
"Metropolitan Properties, Inc.",http://www.metprop.com
Rentingway,http://rentingway.com
Newfed Mortgage Corp.,http://www.newfed.com
Silk Title Co.,http://www.silktitleco.com
Contravest,http://www.contravest.com
Myspace Nyc,http://myspacenyc.com
Covo,http://www.hellocovo.com
Homie,http://www.homie.com
Redx,http://www.theredx.com
Cherre,http://www.cherre.com
Momentum Real Estate,https://www.momentumflorida.com
Realatom,https://realatom.com
Florida Homestead Check,http://www.floridahomesteadcheck.com
Green Key Real Estate,http://www.greenkeyrealestate.com
Dont Know,http://www.realtysolutionsma.com
Rapid Maintenance Service,http://www.rapidmaint.com
Guiderei,http://www.guiderei.com
Oak Leaf Management,http://oakleafmgmt.com
Coldwell Banker Commercial,http://www.cbcworldwide.com
Better Homes And Gardens Real Estate Gary Greene,http://www.garygreene.com
Adams Bridge Global,https://adamsbridge.com
United Dwelling,http://www.uniteddwelling.com
Winncompanies,http://www.workwithwinn.com
Sunworld Group Inc,http://www.sunworldgroup.com
K T Realty,http://ktrealtynj.com
Sold Asap,https://soldasap.net
Arkay Associates,http://arkayassociates.org
Ideal Real Estate Group,http://idealrealestategroup.com
Prive Group,http://www.privegroup.com
Ford Land,http://www.fordland.com
Vision Property Management,http://www.vpm3.com
"Axiometrics, A Realpage Company",http://www.axiometrics.com
Rently Keyless,http://www.rentlykeyless.com
Betternoi,http://www.betternoi.com
Jointer,http://www.jointer.io
United States Appraisals,http://unitedstatesappraisals.com
"Meb Commercial Management Group, Llc",http://www.mebcommercial.com
Red Brick Management,http://www.redbrickstl.com
Veev,https://www.veev.com
Discovery Senior Living,http://discoveryseniorliving.com
Discovery Senior Living,http://discoveryseniorliving.com
Rentspree,http://www.rentspree.com
Rentspree,http://www.rentspree.com
Psw Real Estate (now Storybuilt),http://www.storybuilt.co
Own Real Estate,http://ownrealestateglobal.com
"Landmark, Realtors",http://www.landmarkre.com
Su Development,
The Layer Group,http://thelayergroup.com
Tm Associates,http://www.tmamgroup.com
Shelli Inc,http://www.shelliinc.com
Expert Realty Solutions,http://www.expertrealtysolutions.com
Nottingham Realty Group,http://www.nottinghamrealtygroup.com
Priority National Title Services,http://priority-national.com
Barry Real Estate Companies,http://www.barrycompanies.com
"Bay Capital Real Estate, Inc.",http://www.baycapitalrealty.com
Skybridge Development,http://www.skybridgellc.com
"National Title Solutions, Inc.",http://www.ntsnational.com
Citrus Valley Association Of Realtors,http://www.cvar.net
Asian Real Estate Association Of America- Greater Orlando,http://www.areaa.org
Bogar Pilkington Group,http://www.bpgrealty.com
Elash Investment Group,http://elashinvestmentgroup.com
Dobi Real Estate,http://wearedobi.com
New Orleans Real Estate Investors Association Inc,http://neworleansreia.com
The Brilliant Team-keller Williams Realty Services,http://ww.thebrilliantteam.com
"Hatcher Realty Services, Inc.",http://steinhatcheerealestate.com
Prodigy Properties,http://www.prodigyprop.com
Skye Bruce Properties - Berkshire Hathaway Homeservices,http://www.skyebruce.com
Niehaus Properties Inc,http://www.niehausproperties.com
The Motus Group- Keller Williams Market Pro Realty,http://motusgrouprealty.com
Laura Mccarthy Realtors,http://www.lauramccarthy.com
Hughes Group Jax | Keller Williams Atlantic Partners Southside,http://www.hughesgroupjax.com
War Horse Cities,http://warhorsecities.com
Residential Agent Inc,http://www.agentinc.co
"Keller Williams Realty, Folsom [dre#01406150]",http://www.kwfolsomcareers.com
Estaterebate.com,http://www.estaterebate.com
Kre Group,http://www.thekregroup.com
Dobrin Property Management,http://dobrinpropertymanagement.com
Chattanooga Home Inspector,http://www.chattanoogahomeinspector.com
Ryland Homes (now Calatlantic Homes- Please See Updates Below),http://www.ryland.com
Jeff Benton Homes,http://www.jeffbentonhomes.com
Nick Sadek Sotheby&#39;s International Realty,http://nicksadeksir.com
Sitebow,http://sitebow.com
Plum Property Management,http://www.rentplum.com
"Resort Ventures West, Inc.",http://resortventureswest.com
Village Green,http://www.villagegreen.com
Coldwell Banker Real Estate Group,http://www.coldwellhomes.com
Re/max Allegiance,http://www.myallegiancehome.com
Florida Capital Realty,http://www.floridacapitalrealty.com
"Keefe Real Estate, Inc.",http://www.keeferealestate.com
Harbor Group Management Company,http://www.hgliving.com
Berkshire Hathaway Homeservices Select Properties,http://www.bhhsselectstl.com
Re/max Estate Properties La | Pv | Beach,http://www.eplahomes.com
Taylor Properties,http://www.taylorproperties.co
"Home Advantage Realty, Llc",http://www.homeadvantagerealty.com
Gva Property Management,http://www.gvamgt.com
Plat Collective,http://www.platcollective.com
Intracorp Companies,http://www.intracorpcompanies.com
Chambers Theory Property Management,http://www.chamberstheory.com
"Elite Title Group, Llc.",http://elitetitlegroupllc.com
"Draper And Kramer, Incorporated",http://draperandkramer.com
Schmidt Family Of Companies,http://schmidtfamilyofcompanies.com
Re/max Of Michigan,http://www.remax-michigan.com
Century 21 Real Estate Alliance,http://c21realestate.com
360 Realty Tampa,http://www.360realtytampa.com
Allen Tate Companies,http://allentate.com
Amci Real Estate Network,http://www.amciworldwide.com
