Name,Website,Phone
Landsea Homes,https://landseahomes.com/,888-827-4421
Eagle Point Income Company Inc,http://eaglepointincome.com/,(844) 810-6501
Seven Hills,https://sevnreit.com/,
Service Properties Trust,https://www.svcreit.com/home/default.aspx,
Vesse,https://www.vesseltechnologies.com/,
Harbor Custom Development,https://harborcustomhomes.com/,(253) 649-0636
Landmark Management`,https://www.landmark-mgmt.com/,(212) 794-6060
Realty Income Corporation,http://www.realtyincome.com/,
Taylor/theus Holdings,https://www.taylortheusholdings.com/,803.256.1050
Landmark Management,https://www.landmark-mgmt.com/,(212) 794-6060
Picket Homes,https://pickethomes.com/,
Tishman Speyer,http://www.tishmanspeyer.com/,212 715 0300
Eastern Union,https://easternunion.com/,
Ventas,http://ventasreit.com/,
Bridge Industrial,https://bridgeindustrial.com/,
The Hanover Company,http://hanoverco.com/,(713) 267-2100
Recnation Storage,https://www.recnationstorage.com/,(833) 869-2699
Physicians Realty Trust,http://www.docreit.com/,
Avenue One,https://www.avenue.one/,
Rexford Industrial Realty,http://rexfordindustrial.com/,
Boston Properties,https://www.bxp.com/,
Healthpeak Properties,https://www.healthpeak.com/,
W. P. Carey,http://wpcarey.com/,(212)-492-1100
Quinn Residences,https://live-quinn.com/,
Fathom Realty,http://www.fathomrealty.com/,
Vero Leasing,https://sayvero.com/,
Simon Property Group,http://simon.com/,2548785799
Nestment,http://www.nestment.com/,
Dreamscape Companies,https://dreamscapecos.com/,
Lincoln Property Company Dallas,https://www.lpcdallas.com/,
Digs,https://digs.com/,
Sparen Homes,http://www.sparen.homes/,
Doorstead,https://www.doorstead.com/,(415) 965-5585
Closesimple,https://www.closesimple.com/,866-942-5673
Setpoint.io,https://www.setpoint.io/,3783214151
Incitu,https://www.incitu.us/,
Rezi,https://www.rentrezi.com/,
Runwise,https://www.runwise.com/,833-264-5371
Pinnacle Realty Advisors,https://pinnaclera.com/,
First Industrial Realty Trust,http://firstindustrial.com/,312-344-4300
Kimco Realty,http://kimcorealty.com/,
Netstreit Corp,https://www.netstreit.com/,
Fello,https://hifello.com/,866-793-0051
Kb Home,http://www.kbhome.com/,
Kb Home,http://www.kbhome.com/,
Madison Realty Capital,http://madisonrealtycapital.com/,469 729 0555
Waterton,https://www.waterton.com/,
Parcl,https://www.parcl.co/,
Safehold,https://www.safeholdinc.com/,
Rentberry,https://www.rentberry.com/,3333333333
Cousins Properties,http://cousinsproperties.com/,
Morningstar Properties,https://mstarproperties.com/,
Leasecake,http://www.leasecake.com/,
Ashford,https://www.ashfordinc.com/,972.490.9600
Ashford Inc.,https://www.ashfordinc.com/,972.490.9600
Home365,https://www.home365.co/,Vendor portal
American Homes 4 Rent,https://www.americanhomes4rent.com/,855-774-4663
Flock Homes,http://flockhomes.com/,(720) 703-9992
Extraslice,http://www.extraslice.com/,
Getty Realty,http://www.gettyrealty.com/,
Innovative Industrial Properties,http://innovativeindustrialproperties.com/,858-997-3332
Leasemagnets,http://leasemagnets.com,(586) 258-8588
Blueprint Title,https://blueprinttitle.com,(615) 933-0075
Aalto,https://aalto.com,(415) 980-8814
The Corcoran Group,https://www.corcoran.com,2127960515
Premier Realty Network,http://www.premierrealtornetwork.com,
Royal Property Management Inc,http://www.royalpropertymgmt.com,
Wynd Realty,http://www.wyndrealty.com,404.933.4017
Homesmart Professionals Real Estate,http://www.therhodehome.com,
Freeman Webb Company,http://www.freemanwebb.com,
Dottid,https://dottid.com,
Sign Guys Of Eastern Mass,http://www.signguysofeastma.com,
Digsup,http://www.digsup.com,617-464-4364
Urban Spaces Llc.,http://www.urbanspacesllc.com,
Kaul Estates,http://www.kaulestates.com,
Langley Llc,http://www.langleymgmt.com,
Limitless Investing,https://www.investlimitless.com,9009009009
Herggroup Boston,http://www.boston.herggroup.com,
Brick Lane Property Solutions Llc,http://www.bricklanepropertysolutions.com,508-827-8286
Haywood Kristiansen Group | Berkshire Hathaway Homeservices,http://www.haywoodkristiansengroup.com,
Loccanna,http://www.loccanna.com,
Mpower Multifamily Llc,http://www.mpowermultifamily.com,617-821-7358
Imperial Properties,http://imperialpropertiesnh.com,(603) 257-5000
Msquared,http://www.buildmsquared.com,
Acorn Holdings,http://www.acornh.com,
The Team - Real Estate Advisors,http://www.theteam-re.com,(617) 588-0108
"New England Investment Properties, Inc.",http://www.neip.com,
Vibe Residential,http://vibe-re.com,
Rent Beetle,http://rentbeetle.io,
New Wave Development,http://nwdboston.com,617-618-5100
Derson Real Estate Group Inc,https://www.dersonrealestategroup.com,
Ysm Media,https://closings.yashsampatmarketing.com,
Bequall,http://www.bequall.com,408-676-3046
Nickerson Real Estate Partners,http://www.nickersonre.com,866-396-0281
Larch Development,http://www.larchdevelopment.com,
Abadabode,http://www.abadabode.com,
Rethink39 Group At Laer Realty Partners,https://rethink39.com,
Fastclose,http://www.1fastclose.com,
Nai Advisors,http://www.naiadvisors.com,
South End Hospitality,http://wwww.southendhospitality.com,
Manzo Freeman Development,http://www.manzofreeman.com,617-279-2456
Tikade Property Group,http://www.tikade.com,
Boston Realty & Leasing,https://www.bostonrl.com,857-600-8340
Winchester Realty,https://mywinchesterrealty.com,
Prince Valley Properties,http://www.princevalleyproperties.com,508-834-8338
Gansett Ventures,http://www.gansettventures.com,
"Garzone Real Estate, Inc",http://www.garzonere.com,
Rentvue,http://www.rentvue.com,
Spotlight Homes Greater Boston,http://www.spotlighthomesgreaterboston.com,
The Elle Group,http://www.theellegroup.com,781-664-9475
Sweeney Enterprises Llc,http://www.sweeneyenterprises-llc.com,
Momentum Holdings International,https://www.momentumholdingsinternational.com,2147483648
"Foran Realty, Inc.",http://www.capecodproperties.com,508-385-1355
Ez Home Search Real Estate Inc.,http://www.ezhomesearch.net,(508) 646-4777
Ascari Equities,http://www.ascariequities.com,
Okc Metro Group,http://www.okcmetrogroup.com,
Metro Boston Property Inspections,http://www.metrobostonpropertyinspections.com,781-828-1972
Ask Her About Real Estate,http://www.askheraboutrealestate.com,
Oakgrove Residential,http://www.oakgroveres.com,
Orb Management,http://www.orbmgmts.com,
Cjl Rentals & Property Management,https://www.cjlrentals.com,781-647-5774
Phipps Realty,http://www.phippsrealty.com,6666666667
Oribar,http://www.oribar.com,
Profile Realty Inc.,http://profilerealty.com,
Boston Heritage Realty,http://www.bostonheritagerealty.com,617-447-2200
The Auffant Group,http://auffanthomes.com,
Boston Real Estate Concierge,https://www.breconcierge.com,(857)249-2451
Alchemy Development,http://www.alchemydevelopment.com,(402) 972-8709
Reed Community Partners,http://www.reedcommunity.com,503.974.7558
Doughty Properties,,
Mattershot,http://www.mattershot.com,
Cdcm Group,http://www.cdcmgrp.com,
"Ocean State Buyers, Llc",http://www.oceanstatebuyer.com,
Muirfield Investment Partners Llc,http://www.muirfieldip.com,
Housingtohome,http://housingtohome.com,617-804-0154
"Kp Strategies, Llc",http://www.kristinphelan.com,
Argand Realty Capital Llc,http://www.argandrealtycapital.com,(857) 266-9510
Northeast Association Of Realtors®,http://www.northeastrealtors.com,978-577-6138
"Zenith Mortgage Advisors, Inc.",http://www.zenithadvisors.com,(508) 497-9900
Oda Studio,https://studio.odaportal.com,
Independent Consulting And Properties Llc,,
Prime Property Group,http://www.primepg.com,617-586-7822
Navem Partners,http://www.navempartners.com,
Waldorf Capital Management Llc,http://www.waldorfcm.com,
Lyon Property Management,http://www.lyonpropertygroup.com,401-400-7006
America One Realty,http://www.americaone.com,
"Pax Memoriam, Inc",http://www.bendrix.com,
Coles Capital Group,http://www.colescapitalgroup.com,
Aryeo,http://www.aryeo.com,
Nuhom,http://www.nuhom.co,617-545-7492
Madelon Group,http://madelongroup.com,
Fall Creek Partners Llc,http://www.fallcreekpartners.com,
Out Of The Box Moves,http://www.outoftheboxmoves.com,
Harvard Real Estate Symposium,http://www.harvardres.com,7094206103
"77 Main Street Properties, Llc",http://77mainstreetandover.com,
"Nicholson Development, Inc.",http://www.nicholsondevelopment.com,
Tower Hunt,https://towerhunt.com,
Leasetome,https://leasetome.com,
"Saint James Real Estate Advisors, Llc",http://www.saintjamesrea.com,617-737-1776
Rise &#39;73,http://rise73.com,508-397-1095
Wronka Ltd. Commercial Real Estate Advisors,http://www.wronkaltd.com,781-229-2233
The Cre Coach,http://www.thecrecoach.com,617.999.0057
The Kenwood Organization Inc,https://kenwood-centre-inc.constantcontactsites.com,508-879-7100
Fitzwilliam Companies,http://www.fitzwilliamcos.com,(401) 284-2500
Tuscan Village Salem,https://www.tuscanvillagesalem.com,603.212.9650
Edgewood Group,http://edgewoodgroup.com,401-573-1000
Privacy Realty,http://www.townsquarenh.com,
Millyard Industrial Properties,http://millyardindustrialproperties.com,
Vonsol Partners,http://www.vonsolpartners.com,401.491.1000
A1 Property Management Inc.,http://a1propertyman.com,910-409-6687
Aponte Development - Invest X Build,http://www.apontedevelopment.com,
The Workroom,http://www.theworkroomboston.com,
Newhomehelpers.com,http://www.newhomehelpers.com,
Luxury Listing Boston,,
"Premier Real Estate Solutions, Llc",http://www.premierrealestatesolutionsllc.com,901.610.0205
"Legendary Agent, Llc",http://legendaryagent.com,
Fields Corner Business Lab,http://www.fieldscornerbusinesslab.com,617-982-3225
Dwellful,http://dwellful.com,
Pacaso,http://www.pacaso.com,8085563064
Century 21 Real Estate Unlimited,http://www.century21cabot.com,501-843-4473
Actovia,http://www.actoviacmi.com,
Coldwell Banker Realty,http://www.althearothmeyer.com,
Mcmonigle Group,http://www.themcmonigleteam.com,(999) 999-9999
Chime Technologies Inc,http://chime.me,877-877-3772
Connexions Software,http://www.getcnx.com,844-259-8599
Usa-mortgages,http://www.usa-mortgages.com,
Peerstreet,http://www.peerstreet.com,
"Accruit, Llc",http://www.accruit.com,(800) 237-1031
Darwin Homes,https://www.darwinhomes.com,
Red Bell Real Estate,http://www.redbellre.com,
American Land Title Association,http://www.alta.org,202.223.5843
America Place,http://www.americaplace.com,812-288-4251
Hall Group,http://www.hallgroup.com,
American Realty Capital,http://www.americanrealtycap.com,
Obsidian Financial Services,https://www.obsidianfinancialservices.com,833-450-2338
Rainmaker Analytics,https://invizenit.com,
Kc-investments,http://www.kc-investments.com,562-209-3159
Aslan Home Lending Corporation,http://aslanhlc.com,720-897-1525
Usrem,http://www.usrem.co,
City+ventures,http://www.city-ventures.com,
Stoneriver Company,http://www.stonerivercompany.com,(205) 879-0870
All Students Housing Initiative,http://www.ashihousing.com,
Go Amenity,http://www.goamenity.com,866-994-7467
Corporate Title Agency,http://www.corpsetsolutions.com,
Sundae,https://sundae.com,
Zonda,https://zondahome.com,
Lument,https://www.lument.com,
Envoy Technologies,https://www.envoythere.com,888-610-0506
Atmos,https://www.buildatmos.com,
Re/max Town Center,http://www.myremaxtowncenter.com,
Cugini Property Group,http://www.cuginiproperties.com,
"Meridian Title Company, Inc.",http://www.meridiantitle.net,(704) 973-0081
Ugather Cowork,http://www.ugathercowork.com,(619) 330-7687
Blue Star Realty,http://www.bluestar-realtygroup.com,
Namar,http://www.namar.org,
76107 Collective,https://76107collective.com,
"Real Property Capital, Inc.",http://www.realpropertycapital.net,(610) 456-9644
"Zenith Investments, Inc.",http://www.zenithbuyshouses.com,
The Tax Relief Group,http://www.thetaxreliefgroup.com,888-330-6863
Stagecoach Equity And Management,http://www.stagecoachmanagement.com,
Ecoinstead,http://www.ecoinstead.com,
Rentzoot,http://www.rentzoot.com,
Frontera Capital Partners,http://www.fronteraventures.com,
"Karen Cannon, Realtors",http://www.karencannon.com,(770)352-9658
Prosper Economic Development Corporation,http://www.prosperedc.com,972-569-1170
Red Bank Catholic High School,http://www.new.redbankcatholic.org,
The District Phx,http://www.thedistrictphx.com,
Quantus Realty Solutions,http://quantusrealty.com,(877) 276-1828
"Canton Place Development, Llc",http://www.cantonplacedevelopment.com,
Brotherly Love Real Estate,https://brotherlyloveproperties.com,(215) 769-9875
The Lux Group Inc.,http://www.theluxgroup.com,
Corporate Suite Shoppe Inc,https://www.corporatesuiteshoppe.com,904-363-2346
Blue Ocean Property Group,http://www.blueoceannyc.com,(718) 887-0768
Oxwork Business Club,http://www.oxwork.co,
Hometown Group Llc,http://www.hometown-investments.com,
Idealestate,https://www.idealestate.co,
Alpen Bike Capsule,http://www.alpenstorage.com,
Pj Morgan Real Estate,http://www.pjmorgan.com,402-397-7775
Timeshare Specialists,http://www.timesharespecialists.com,
Cost Recovery Solutions Llc,http://www.crscostseg.com,(732) 548-3855
Groove Realty,http://grooverealty.com,
The King Group,http://www.thekinggroup.com,(999) 999-9999
Baroque Villas,http://www.baroquevillas.com,
Northcrown Property,http://www.northcrownproperty.com,
Gold Medallion Homes,http://goldmedallionhomes.com,
Grand Duke Estates,http://grandduke.us,
Florida Real Estate Sales Inc.,http://floridarealestatesalesinc.com,
Cascadia Development Partners,http://cascadiadevelopmentpartners.com,(360) 859-1070
Brett Davis Real Estate- Brokered By Exp Realty,http://www.brettdavisrealestate.com,
Mayben Realty,http://www.maybenrealty.com,903-572-2400
Venture Brokerage Group,http://www.venturebrokeragegroup.com,
The Sunrise Homes,https://www.thesunrisehomes.com,
Stillwater Home Team Re/max Signature,http://www.stillwaterhometeam.com,
Dvora Life,http://dvoralife.com,
432 Park Avenue Luxury Apartments,http://432parkavenue.com,212.432.2389
Brooklyn Hourly Offices,http://www.brooklynhourlyoffices.com,
"Crowne Atlantic Properties, Llc",http://crowneatlantic.com,"Cell Phone Manufacturing $2,650,000"
Big Bulldog Properties Llc,https://fixtosalequick.com,
Exitcalifornia.org,https://exitcalifornia.org,
Millennial Block,http://www.millennialblock.com,
"Harford County Association Of Realtors, Inc.",http://harfordrealtors.com,410-569-0750
Merati Homes,https://www.meratihomes.com,202-567-7519
"Brokers International Group, Inc.",http://www.brokersinternationalgroup.com,
Sierra Point Properties,http://sierrapointproperties.com,
Duguet Estates Llc,http://www.duguetestates.com,4849993001
Tactical Development Group,http://tacticaldevgrp.com,
Backyard Estates,http://backyardestates.com,(818) 208-3113
The Hip Fox Llc,https://www.thehipfox.com,
Empire Business Management,http://www.empirebusinessmanagement.com,
Rodrock Development,http://www.rodrock.com,9136812121
"Jacobs And Reid, Llc",http://jacobsandreid.com,
Hoo Controls Inc.,https://hoocontrols.com,
Quance,https://www.quance.io,
Ken Realty Pvt. Ltd.,http://www.kenrealty.in,
Bayview Real Estate Inc.,http://www.bayviewnetwork.com,920-824-5353
Profit Realty Corp,http://profitrealty.com,210-504-4410
Gs Properties,http://www.gsproperties.com,
Jds Properties,http://jdsproperties.com,
"Velocity Reos, Inc",http://velocityreos.com,
"Orchestrate Mortgage And Title Solutions, Llc",https://www.orchestrate.com,800 232 5130
Wework China,https://www.wework.com,400-820-8800
The Altman Companies,http://www.altmancos.com,954-890-2600
Peg Companies,https://www.pegcompanies.com,
Svn | Bell Commercial,https://www.bellcorporate.com,
Hoamco (homeowners Association Management Company),http://www.hoamco.com,(928) 776-0050
New Residential Investment Corp,https://www.newresi.com,
Lgi Homes,http://www.lgihomes.com,
"Gotspot, Inc.",http://www.gotspotinc.com,
"Gotspot, Inc.",https://www.gotspotinc.com,
Rentivity,http://rentivity.com,
Rentivity,https://rentivity.com,
Agentzip,https://agentzip.com,
Havoya,http://www.havoya.com,801-913-7560
California Lomita Properties,http://calipropertygroup.com,
Office Evolution Flowood (jackson),https://www.officeevolution.com,
"Buy Land America, Llc",https://buylandamerica.com,
Sugarhouse Investments,https://www.sugarhouseinvestments.com,512-567-9626
Rnc Property Solutions,http://www.rncpropertysolutions.com,
"Malbec Properties, Llc",http://www.theblockonmain.com,919-673-3075
Hoco Investments,,
"Longbow Interests, Llc",http://www.longbowinterests.com,(214) 457-8198
Natural Springs Group,http://www.nsprings.com,
Homes Of Tennessee,http://homesoftennessee.com,
Oak Realty Llc,http://www.oakrealtyllc.com,215-845-5210
Hearthstone Heritage,http://www.hearthstoneheritage.com,
Pivot Properties,http://www.pivotproperties.us,(931) 354-1555
The Sb Investment Group,http://www.thesbinvestmentgroup.com,
Qsl,http://qslmanagement.com,850-542-3532
"America Development & Investments, Ltd.",http://www.americadevelopment.com,2147483648
Integrity Partners Realty,http://integritypartnersrealty.com,
The Village Shopping Center & The Village Executive Office Suites,http://www.thevillagemandeville.com,985-727-6700
Essential Decisions Inc,http://essentialdecisionsinc.com,
Breakthrough Properties,http://www.btprop.com,
Colby Interests,http://www.colbyinterests.com,515-274-3411
Alter+care,http://www.altercare.net,
Sunset Group Realty,http://www.sunsetgrouprealty.com,818-869-2080
"Cava Enterprises, Llc",http://www.cavaenterprises.com,
"Viking Capital Investments, Llc",http://vikingcapllc.com,
"Practice Endeavors, Llc",http://www.practicendeavors.com,
Kodiak Property Management (w/ Realtypath South Valley),http://www.rentkodiak.com,801-923-4085
"Troyer Advisors, Llc",http://www.troyeradvisors.com,(717) 766-3117
Amp Realty,http://www.ampky.com,502-744-8368
Otherstreet,http://www.otherstreetadvisors.com,
"Your Partner For Senior Living Design, Build And Finance.",http://www.conficare.com,
Sumner Realtors®,http://www.sumnerrealtors.com,615.824.6629
Signature Auction House,http://www.signatureauctionhouse.com,
"Retirement Property Services, Inc.",http://www.retirementproperty.com,
Sterling Investment Solutions Llc,https://sterlinginvestmentsolutions.com,2147483648
The Niki Group,http://www.thenikigroup.com,
Crown Realty Grp,https://crownrealtygrp.com,817.266.2995
The Dover Companies,http://dovercompanies.com,
Phoenix Properties Llc,http://phoenix-prop.com,
Marketspace Capital,http://www.marketspacecapital.com,281.766.9784
Richmond Redevelopment And Housing Authority,https://www.rrha.com,(804) 780-4200
Rhino,https://www.sayrhino.com,
Neighborcity,http://www.neighborcity.com,
Propertyboss Solutions,http://www.propertyboss.com,
Gulf Coast International Properties Inc.,http://www.gcipnaples.com,239-434-2558
Roofstock,http://www.roofstock.com,(800) 466-4116
Certain Lending,http://certainlending.com,833-747-3927
Pivotdesk,https://www.pivotdesk.com,
Realtracs,https://www.realtracs.com,615.385.0777
Preclose,http://www.preclose.com,
Vinesta.com,https://vinesta.com,(206) 805-0879
Utahrealestate.com,http://www.utahrealestate.com,
Realinsight Marketplace,https://www.rimarketplace.com,
Mashvisor,http://www.mashvisor.com,(415) 742-8118
Blueprint Title Company,http://blueprinttitle.com,(615) 933-0075
Mtn Retail Advisors,http://mtnra.com,435-767-1475
United Ams,http://www.unitedams.com,
Condo.com,http://www.condo.com,877-266-3601
Parrot Property Group,http://www.parrotpropertymanagement.com,
"Exceleras, Llc",http://www.exceleras.com,847-835-4202
Spacequant | Technology For Cre Asset Management And Valuation,https://www.spacequant.com,877-721-4977
Thirty Capital,,
Abi Multifamily,http://www.abimultifamily.com,
Menlo Group Commercial Real Estate,http://www.menlocre.com,480.535.5854
"Mls Technology, Inc",http://mlstechnology.com,(918) 663-7500
Bridge Mls,http://www.bridgemls.com,925.363.2333
A Real Blockchain Solution (arbs),https://arealblockchainsolution.com,
Ility,https://ility.com,
Floorhub.io,https://hi.floorhub.io,
Reix Corp,http://www.reixcorp.com,
Remarkably,https://www.remarkably.io,
Mansion Group Inc.,https://www.mansion.io,(999) 999-9999
Collaborative Real Estate,http://www.gfsgo.com,
Realcrowd,https://www.realcrowd.com,817-310-2900
Inspect Hoa,http://www.inspecthoa.com,415-236-2577
Elite Pacific Properties,http://www.elitepacific.com,808-275-8018
Help-u-sell Real Estate,http://www.helpusell.com,(941) 951-7707
Voicepad,http://www.voicepad.com,888-595-7347
New York Residence Inc.,http://www.nyr.com,800-804-8242
General Realty Group,http://www.generalrealty.com,(818) 778-1144
Endvest,http://www.endvest.com,
Revivrr,http://www.revivrr.com,
Century 21 Veterans,http://www.c21veterans.com,267-352-8000
Realquantum,https://realquantum.com,913-717-5770
Choice Home Mortgage,https://choicehm.com,888-256-1135
"Marketproof, Inc.",https://www.marketproof.com,
Price Mortgage - Nmls #1429043,https://pricemortgage.com,
Greater El Paso Association Of Realtors®,http://elpasorealtor.com,915-779-3521
Harcourts Auctions,http://www.harcourtsauctions.com,9496328995
Dominion Properties Milwaukee,http://www.dominion-properties.com,414.264.5901
Bluespruce Holdings,https://realbluespruce.com,
Masters Of Urban Infill,http://www.urbaninfill.com,
Property I.d. Corporation Natural Hazard Disclosure Reports,http://www.propertyid.com,(800) 626-3863
Rocket Homes,https://www.rockethomes.com,
Harcourts Prime Properties,http://www.harcourtsprime.com,
Foyer Inc.,https://foyerapp.io,
Coldwell Banker Faith Properties,http://www.centralnewyork.com,
Bright Mls,http://www.brightmls.com,
Keller Williams North Shore West,https://libertyville.kw.com,(512) 327-3070
Har.com,http://www.har.com,
Kingsley Management Corporation,https://www.kmcmh.com,(801) 228-9702
Cbre Loan Services,http://www.cbre.com,
"Metropolitan Properties, Inc.",http://www.metprop.com,617.603.7000
Rentingway,http://rentingway.com,
Newfed Mortgage Corp.,http://www.newfed.com,877-639-3331
Silk Title Co.,http://www.silktitleco.com,
Contravest,http://www.contravest.com,407-333-0066
Myspace Nyc,http://myspacenyc.com,(718) 399-3444
Covo,http://www.hellocovo.com,
Homie,http://www.homie.com,(385) 429-6888
Redx,http://www.theredx.com,800-731-7339
Cherre,http://www.cherre.com,
Momentum Real Estate,https://www.momentumflorida.com,
Realatom,https://realatom.com,
Florida Homestead Check,http://www.floridahomesteadcheck.com,(786-829-7283
Green Key Real Estate,http://www.greenkeyrealestate.com,(415) 750-1120
Dont Know,http://www.realtysolutionsma.com,508-495-4400
Rapid Maintenance Service,http://www.rapidmaint.com,
Guiderei,http://www.guiderei.com,
Oak Leaf Management,http://oakleafmgmt.com,713-541-9724
Coldwell Banker Commercial,http://www.cbcworldwide.com,973-407-5916
Better Homes And Gardens Real Estate Gary Greene,http://www.garygreene.com,
Adams Bridge Global,https://adamsbridge.com,
United Dwelling,http://www.uniteddwelling.com,323-443-6273
Winncompanies,http://www.workwithwinn.com,
Sunworld Group Inc,http://www.sunworldgroup.com,
K T Realty,http://ktrealtynj.com,4294967295
Sold Asap,https://soldasap.net,
Arkay Associates,http://arkayassociates.org,
Ideal Real Estate Group,http://idealrealestategroup.com,303-893-0552
Prive Group,http://www.privegroup.com,
Ford Land,http://www.fordland.com,3972378554
Vision Property Management,http://www.vpm3.com,
"Axiometrics, A Realpage Company",http://www.axiometrics.com,Phone Support
Rently Keyless,http://www.rentlykeyless.com,
Betternoi,http://www.betternoi.com,999-999-9999
Jointer,http://www.jointer.io,
United States Appraisals,http://unitedstatesappraisals.com,
"Meb Commercial Management Group, Llc",http://www.mebcommercial.com,602.792.8675
Red Brick Management,http://www.redbrickstl.com,
Veev,https://www.veev.com,
Discovery Senior Living,http://discoveryseniorliving.com,(239) 908-2921
Discovery Senior Living,http://discoveryseniorliving.com,(239) 908-2921
Rentspree,http://www.rentspree.com,(323) 515-7757
Rentspree,http://www.rentspree.com,(323) 515-7757
Psw Real Estate (now Storybuilt),http://www.storybuilt.co,
Own Real Estate,http://ownrealestateglobal.com,
"Landmark, Realtors",http://www.landmarkre.com,413-525-4600
Su Development,,
The Layer Group,http://thelayergroup.com,
Tm Associates,http://www.tmamgroup.com,
Shelli Inc,http://www.shelliinc.com,
Expert Realty Solutions,http://www.expertrealtysolutions.com,800-979-3591
Nottingham Realty Group,http://www.nottinghamrealtygroup.com,317-489-3441
Priority National Title Services,http://priority-national.com,(614)-896-5033
Barry Real Estate Companies,http://www.barrycompanies.com,WHATSAPP
"Bay Capital Real Estate, Inc.",http://www.baycapitalrealty.com,
Skybridge Development,http://www.skybridgellc.com,2147483648
"National Title Solutions, Inc.",http://www.ntsnational.com,(888) 553-5571
Citrus Valley Association Of Realtors,http://www.cvar.net,(909) 305-2827
Asian Real Estate Association Of America- Greater Orlando,http://www.areaa.org,619.795.7873
Bogar Pilkington Group,http://www.bpgrealty.com,
Elash Investment Group,http://elashinvestmentgroup.com,
Dobi Real Estate,http://wearedobi.com,(999) 999-9999
New Orleans Real Estate Investors Association Inc,http://neworleansreia.com,(504) 584-4990
The Brilliant Team-keller Williams Realty Services,http://ww.thebrilliantteam.com,
"Hatcher Realty Services, Inc.",http://steinhatcheerealestate.com,
Prodigy Properties,http://www.prodigyprop.com,513.841.7000
Skye Bruce Properties - Berkshire Hathaway Homeservices,http://www.skyebruce.com,804-467-7041
Niehaus Properties Inc,http://www.niehausproperties.com,
The Motus Group- Keller Williams Market Pro Realty,http://motusgrouprealty.com,
Laura Mccarthy Realtors,http://www.lauramccarthy.com,314.725.5100
Hughes Group Jax | Keller Williams Atlantic Partners Southside,http://www.hughesgroupjax.com,904-528-2107
War Horse Cities,http://warhorsecities.com,443-478-1200
Residential Agent Inc,http://www.agentinc.co,(999) 999-9999
"Keller Williams Realty, Folsom [dre#01406150]",http://www.kwfolsomcareers.com,
Estaterebate.com,http://www.estaterebate.com,2106281744
Kre Group,http://www.thekregroup.com,201.733.8100
Dobrin Property Management,http://dobrinpropertymanagement.com,(804) 385-6587
Chattanooga Home Inspector,http://www.chattanoogahomeinspector.com,423-284-1510
Ryland Homes (now Calatlantic Homes- Please See Updates Below),http://www.ryland.com,
Jeff Benton Homes,http://www.jeffbentonhomes.com,"
{{common.siteOptions.phone}}
"
Nick Sadek Sotheby&#39;s International Realty,http://nicksadeksir.com,
Sitebow,http://sitebow.com,
Plum Property Management,http://www.rentplum.com,
"Resort Ventures West, Inc.",http://resortventureswest.com,(970) 879-7772
Village Green,http://www.villagegreen.com,248-851-9600
Coldwell Banker Real Estate Group,http://www.coldwellhomes.com,
Re/max Allegiance,http://www.myallegiancehome.com,
Florida Capital Realty,http://www.floridacapitalrealty.com,786-953-5870
"Keefe Real Estate, Inc.",http://www.keeferealestate.com,212-913-9058
Harbor Group Management Company,http://www.hgliving.com,visit this link
Berkshire Hathaway Homeservices Select Properties,http://www.bhhsselectstl.com,
Re/max Estate Properties La | Pv | Beach,http://www.eplahomes.com,
Taylor Properties,http://www.taylorproperties.co,
"Home Advantage Realty, Llc",http://www.homeadvantagerealty.com,803-771-2424
Gva Property Management,http://www.gvamgt.com,(512) 948-7302
Plat Collective,http://www.platcollective.com,317-489-3441
Intracorp Companies,http://www.intracorpcompanies.com,
Chambers Theory Property Management,http://www.chamberstheory.com,(703) 609-2323
"Elite Title Group, Llc.",http://elitetitlegroupllc.com,201-672-6000
"Draper And Kramer, Incorporated",http://draperandkramer.com,
Schmidt Family Of Companies,http://schmidtfamilyofcompanies.com,
Re/max Of Michigan,http://www.remax-michigan.com,
Century 21 Real Estate Alliance,http://c21realestate.com,(415) 213-1600
360 Realty Tampa,http://www.360realtytampa.com,
Allen Tate Companies,http://allentate.com,
Amci Real Estate Network,http://www.amciworldwide.com,
